"Epic","Feature","Story","FAILED","BROKEN","PASSED","SKIPPED","UNKNOWN"
"EP007","feature7: UploadFileTest","story7","0","1","0","0","0"
"EP004","feature4: LoginTest","story4","1","0","1","0","0"
"EP006","feature6: Status Code Test","story6","0","1","4","0","0"
"EP005","feature5: Send Email Test","story5","1","0","0","0","0"
"EP001","feature1: AlertTest","","0","0","2","0","0"
"EP008","feature8: LoadingTest","story8","0","0","2","0","0"
"EP007","feature7: DropDownTest","story7","0","0","1","0","0"
"EP003","feature3: FrameTest","story3","0","1","0","0","0"
"EP001","feature1: AlertTest","story1","0","0","1","0","0"
"EP002","feature2: Geolocation Test","story2","0","0","1","0","0"
